학생,교수
S272,T1
S282,T1
S336,T1
S344,T1
S242,T2
S315,T2
S55,T2
S59,T2
S149,T2
S153,T2
S356,T2
S426,T2
S14,T2
S14,T2
S55,T2
S223,T2
S25,T2
S46,T2
S153,T2
S169,T2
S363,T2
S423,T2
S224,T3
S135,T3
S261,T3
S294,T4
S145,T4
S145,T4
S162,T4
S162,T4
S166,T4
S196,T4
S196,T4
S219,T4
S237,T4
S237,T4
S242,T4
S294,T4
S294,T4
S315,T4
S352,T4
S352,T4
S14,T4
S25,T4
S46,T4
S55,T4
S153,T4
S223,T4
S356,T4
S423,T4
S426,T4
S54,T5
S111,T5
S217,T5
S428,T5
S93,T6
S23,T6
S46,T6
S106,T6
S122,T6
S181,T6
S264,T6
S321,T6
S383,T6
S49,T7
S49,T7
S185,T7
S230,T7
S410,T8
S240,T9
S188,T9
S188,T9
S228,T9
S258,T9
S26,T9
S66,T9
S109,T9
S113,T9
S182,T9
S208,T9
S235,T9
S251,T9
S381,T9
S334,T10
S3,T10
S21,T10
S36,T10
S40,T10
S52,T10
S105,T10
S105,T10
S119,T10
S129,T10
S162,T10
S166,T10
S166,T10
S176,T10
S196,T10
S196,T10
S219,T10
S242,T10
S242,T10
S242,T10
S275,T10
S275,T10
S276,T10
S277,T10
S277,T10
S287,T10
S294,T10
S300,T10
S311,T10
S314,T10
S315,T10
S341,T10
S341,T10
S341,T10
S345,T10
S352,T10
S407,T10
S407,T10
S414,T10
S414,T10
S10,T10
S14,T10
S14,T10
S25,T10
S46,T10
S55,T10
S55,T10
S61,T10
S67,T10
S67,T10
S67,T10
S67,T10
S78,T10
S89,T10
S152,T10
S153,T10
S165,T10
S198,T10
S198,T10
S203,T10
S223,T10
S225,T10
S231,T10
S231,T10
S304,T10
S354,T10
S356,T10
S363,T10
S364,T10
S380,T10
S385,T10
S404,T10
S411,T10
S423,T10
S426,T10
S42,T11
S243,T11
S170,T12
S270,T12
S350,T12
S363,T12
S21,T13
S176,T13
S300,T13
S10,T13
S78,T13
S165,T13
S423,T13
S32,T14
S32,T14
S63,T14
S97,T14
S151,T14
S213,T14
S213,T14
S423,T14
S38,T15
S180,T15
S254,T15
S269,T15
S29,T16
S92,T16
S92,T16
S160,T16
S192,T16
S214,T16
S222,T16
S222,T16
S270,T16
S270,T16
S313,T16
S319,T16
S432,T16
S6,T17
S132,T18
S179,T18
S204,T18
S360,T18
S406,T18
S33,T19
S104,T19
S187,T19
S197,T19
S138,T20
S114,T21
S114,T21
S139,T21
S163,T21
S210,T21
S36,T22
S162,T22
S166,T22
S196,T22
S196,T22
S219,T22
S315,T22
S352,T22
S46,T22
S55,T22
S81,T22
S411,T22
S60,T23
S80,T23
S80,T23
S240,T23
S286,T23
S410,T24
S221,T25
S257,T25
S381,T25
S265,T26
S326,T26
S5,T27
S346,T27
S79,T27
S368,T28
S99,T29
S320,T29
S359,T29
S88,T30
S125,T30
S247,T30
S339,T30
S31,T30
S148,T30
S321,T30
S164,T31
S195,T31
S366,T31
S178,T32
S178,T32
S220,T32
S349,T32
S32,T33
S51,T33
S63,T33
S97,T33
S115,T33
S151,T33
S159,T33
S213,T33
S342,T33
S372,T33
S423,T33
S423,T33
S419,T34
S108,T35
S108,T35
S390,T35
S390,T35
S69,T35
S71,T35
S139,T36
S316,T36
S409,T36
S409,T36
S43,T36
S146,T36
S26,T37
S133,T37
S133,T37
S7,T38
S39,T38
S45,T38
S190,T38
S209,T38
S102,T38
S327,T38
S65,T39
S68,T39
S68,T39
S100,T39
S101,T39
S128,T39
S147,T39
S241,T39
S241,T39
S249,T39
S353,T39
S387,T39
S389,T39
S18,T39
S18,T39
S57,T39
S57,T39
S123,T39
S123,T39
S283,T39
S174,T40
S335,T40
S34,T41
S34,T41
S108,T41
S188,T41
S260,T41
S297,T41
S297,T41
S361,T41
S386,T41
S412,T41
S427,T41
S30,T41
S62,T41
S62,T41
S66,T41
S77,T41
S87,T41
S126,T41
S126,T41
S168,T41
S186,T41
S205,T41
S253,T41
S279,T41
S288,T41
S290,T41
S291,T41
S292,T41
S336,T41
S417,T41
S13,T42
S48,T42
S95,T42
S211,T42
S216,T42
S245,T42
S317,T42
S191,T43
S302,T43
S19,T44
S118,T44
S236,T44
S250,T44
S289,T44
S329,T44
S374,T44
S402,T44
S121,T45
S172,T45
S239,T45
S161,T46
S161,T46
S266,T46
S325,T46
S325,T46
S370,T46
S410,T47
S21,T48
S28,T48
S41,T48
S62,T48
S70,T48
S85,T48
S111,T48
S120,T48
S132,T48
S141,T48
S156,T48
S157,T48
S158,T48
S224,T48
S232,T48
S259,T48
S267,T48
S295,T48
S305,T48
S318,T48
S355,T48
S357,T48
S376,T48
S384,T48
S402,T48
S429,T48
S430,T48
S10,T49
S10,T49
S272,T49
S282,T49
S336,T49
S344,T49
S369,T49
S116,T49
S116,T49
S57,T50
S57,T50
S57,T50
S129,T50
S167,T50
S194,T50
S420,T50
S218,T51
S46,T51
S214,T51
S321,T51
S255,T52
S306,T52
S306,T52
S328,T52
S256,T53
S284,T53
S337,T53
S61,T54
S131,T54
S332,T54
S351,T54
S74,T55
S247,T55
S285,T55
S303,T55
S36,T55
S162,T55
S273,T55
S277,T55
S79,T55
S327,T55
S332,T55
S273,T55
S273,T55
S127,T56
S58,T56
S155,T56
S177,T56
S177,T56
S263,T56
S17,T57
S44,T57
S90,T57
S200,T57
S202,T57
S299,T57
S381,T57
S400,T57
S403,T57
S327,T57
S40,T58
S94,T58
S382,T58
S398,T58
S4,T59
S76,T59
S252,T59
S392,T59
S392,T59
S144,T60
S388,T60
S388,T60
S51,T60
S119,T60
S388,T60
S396,T60
S93,T61
S93,T61
S112,T61
S112,T61
S307,T61
S331,T61
S431,T61
S16,T61
S331,T61
S73,T62
S324,T62
S416,T62
S3,T63
S37,T63
S173,T63
S226,T63
S248,T63
S298,T63
S309,T63
S379,T63
S421,T63
S79,T64
S121,T65
S117,T65
S140,T65
S212,T66
S238,T66
S271,T66
S274,T66
S276,T66
S358,T66
S393,T66
S412,T66
S1,T66
S11,T67
S15,T67
S20,T67
S56,T67
S86,T67
S180,T67
S189,T67
S206,T67
S347,T67
S399,T67
S22,T68
S134,T68
S275,T68
S293,T68
S300,T68
S371,T68
S392,T68
S31,T69
S322,T69
S31,T69
S102,T69
S1,T70
S2,T70
S2,T70
S51,T70
S51,T70
S53,T70
S64,T70
S91,T70
S338,T70
S338,T70
S346,T70
S346,T70
S362,T70
S362,T70
S369,T70
S377,T70
S377,T70
S9,T70
S31,T70
S31,T70
S35,T70
S35,T70
S35,T70
S72,T70
S72,T70
S84,T70
S96,T70
S96,T70
S110,T70
S131,T70
S149,T70
S171,T70
S171,T70
S175,T70
S187,T70
S193,T70
S201,T70
S207,T70
S215,T70
S227,T70
S229,T70
S234,T70
S234,T70
S246,T70
S262,T70
S262,T70
S268,T70
S308,T70
S308,T70
S325,T70
S339,T70
S348,T70
S391,T70
S408,T70
S420,T70
S420,T70
S27,T71
S47,T71
S107,T71
S154,T71
S244,T71
S244,T71
S244,T71
S323,T71
S367,T71
S395,T71
S405,T71
S405,T71
S425,T72
S425,T72
S124,T73
S124,T73
S29,T74
S15,T75
S233,T75
S82,T75
S343,T76
S343,T76
S8,T77
S8,T77
S75,T77
S199,T77
S199,T77
S296,T77
S397,T77
S137,T78
S310,T78
S130,T79
S136,T79
S142,T79
S176,T79
S287,T79
S301,T79
S6,T80
S401,T80
S415,T80
S365,T80
S350,T81
S413,T81
S19,T81
S98,T81
S289,T81
S150,T82
S312,T82
S316,T82
S402,T83
S21,T84
S176,T84
S300,T84
S10,T84
S25,T84
S46,T84
S55,T84
S78,T84
S81,T84
S153,T84
S165,T84
S356,T84
S411,T84
S423,T84
S24,T85
S281,T85
S283,T85
S50,T86
S50,T86
S375,T86
S214,T86
S214,T86
S422,T86
S83,T87
S184,T88
S280,T88
S333,T88
S378,T88
S418,T88
S278,T89
S373,T89
S38,T90
S12,T91
S12,T91
S95,T91
S103,T91
S330,T91
S330,T91
S399,T91
S340,T92
S340,T92
S340,T92
S394,T92
S394,T92
S143,T92
S143,T92
S256,T92
S424,T92
S183,T93
S36,T94
S49,T94
S64,T94
S273,T94
S273,T94
S273,T94
S31,T94
S72,T94
S171,T94
S187,T94
S227,T94
